meanenergy,lumi,stat,sys,all
88.47777,371.9800,2.594937,2.488100,3.595044    
89.46906,488.5300,3.009684,3.273000,4.446429    
90.22324,378.5461,2.670417,2.533900,3.681273    
91.23965,2072.793,6.334670,13.87960,15.25684    
91.96968,540.6800,3.274401,3.620000,4.881198    
92.97059,369.4000,2.737608,2.480000,3.693900    
93.71714,353.5000,2.695570,2.371000,3.589950    
